{
	"name": "Azure Functions & Java 11",
	"dockerFile": "Dockerfile",
	"forwardPorts": [ 7071 ],

	// Set *default* container specific settings.json values on container create.
	"settings": { 
		"java.home": "/usr/lib/jvm/zulu-11-azure-amd64"
	},

	// Add the IDs of extensions you want installed when the container is created.
	"extensions": [
		"ms-azuretools.vscode-azurefunctions",
		"vscjava.vscode-java-pack"
	],

	// Use 'postCreateCommand' to run commands after the container is created.
	// "postCreateCommand": "java -version",

	// Comment out to connect as root instead. More info: https://aka.ms/vscode-remote/containers/non-root.
	"remoteUser": "vscode"
}
