{
	"name": "Clojure (Community)",
	"build": {
		"dockerfile": "Dockerfile",
		"args": {
			// Update the VARIANT arg to pick a Java version.
			// Append -bullseye or -buster to pin to an OS version.
			// Use the -bullseye variants on local arm64/Apple Silicon.
			"VARIANT": "17",
			// Options
			"CLOJURE_VERSION": "1.10.3",
			"INSTALL_CLOJURE_CLI": "true",
			"INSTALL_BOOT": "true",
			"INSTALL_LEININGEN": "true",
			"INSTALL_POLYLITH": "true",
			"NODE_VERSION": "lts/*"
		}
	},

	// Set *default* container specific settings.json values on container create.
	"settings": { 
		"java.home": "/docker-java-home"
	},
	
	// Add the IDs of extensions you want installed when the container is created.
	"extensions": [
		"vscjava.vscode-java-pack",
		"borkdude.clj-kondo",
		"betterthantomorrow.calva"
	],

	// Use 'forwardPorts' to make a list of ports inside the container available locally.
	// "forwardPorts": [],

	// Use 'postCreateCommand' to run commands after the container is created.
	// "postCreateCommand": "java -version",

	// Comment out connect as root instead. More info: https://aka.ms/vscode-remote/containers/non-root.
	"remoteUser": "vscode"
}
