{
	"name": "PyPy (Community)",

	// Update the 'dockerFile' property if you aren't using the standard 'Dockerfile' filename.
	"build": {
		"dockerfile": "Dockerfile",
		// [Optional] You can use build args to set options. e.g. 'VARIANT' below affects the image in the Dockerfile
		"args": { "VARIANT": "3" }
	},

	// Set *default* container specific settings.json values on container create.
	"settings": { 
		"python.defaultInterpreterPath": "/usr/local/bin/python",
		"python.linting.enabled": true,
		"python.linting.pylintEnabled": true,
		"python.formatting.autopep8Path": "/usr/local/py-utils/bin/autopep8",
		"python.formatting.blackPath": "/usr/local/py-utils/bin/black",
		"python.formatting.yapfPath": "/usr/local/py-utils/bin/yapf",
		"python.linting.banditPath": "/usr/local/py-utils/bin/bandit",
		"python.linting.flake8Path": "/usr/local/py-utils/bin/flake8",
		"python.linting.mypyPath": "/usr/local/py-utils/bin/mypy",
		"python.linting.pycodestylePath": "/usr/local/py-utils/bin/pycodestyle",
		"python.linting.pydocstylePath": "/usr/local/py-utils/bin/pydocstyle",
		"python.linting.pylintPath": "/usr/local/py-utils/bin/pylint",
		"python.testing.pytestPath": "/usr/local/py-utils/bin/pytest"
	},

	// Add the IDs of extensions you want installed when the container is created.
	"extensions": [
		"ms-python.python",
		"ms-python.vscode-pylance",
	],

	// Use 'forwardPorts' to make a list of ports inside the container available locally.
	// "forwardPorts": [],

	// Use 'postCreateCommand' to run commands after the container is created.
	// "postCreateCommand": "uname -a",


	// Comment out to connect as root instead. To add a non-root user, see: https://aka.ms/vscode-remote/containers/non-root.
	"remoteUser": "vscode"
}
