{
	"name": "Deno",
 	"build": {
		"dockerfile": "Dockerfile",
		// Update 'VARIANT' to pick an Debian OS version: bullseye, buster
		"args": {
			"VARIANT": "bullseye"
		}
	},
	"settings": {
		// Enables the project as a Deno project
		"deno.enable": true,
		// Enables Deno linting for the project
		"deno.lint": true,
		// Sets Deno as the default formatter for the project
		"editor.defaultFormatter": "denoland.vscode-deno"
	},

	// This will install the vscode-deno extension
	"extensions": [
		"denoland.vscode-deno"
	],

	"remoteUser": "vscode"
}