{
	"name": "Jekyll",
	"build": {
		"dockerfile": "Dockerfile",
		"args": {
			// Update 'VARIANT' to pick a Debian OS version: bullseye, buster
			// Use bullseye when on local arm64/Apple Silicon.
			"VARIANT": "bullseye",
			// Enable Node.js: pick the latest LTS version
			"NODE_VERSION": "lts/*"
		}	
	},

	// Set *default* container specific settings.json values on container create.
	"settings": {},

	// Add the IDs of extensions you want installed when the container is created.
	"extensions": [],

	// Use 'forwardPorts' to make a list of ports inside the container available locally.
	"forwardPorts": [
		// Jekyll server
		4000,
		// Live reload server
		35729
	],

	// Use 'postCreateCommand' to run commands after the container is created.
	"postCreateCommand": "sh .devcontainer/post-create.sh",

	// Comment out to connect as root instead. More info: https://aka.ms/vscode-remote/containers/non-root.
	"remoteUser": "vscode"
}
