{
	"name": "Vue (Community)",
	"build": {
		"dockerfile": "Dockerfile",
		"context": "..",
		// Update 'VARIANT' to pick a Node version: 12, 14, 16
		"args": { "VARIANT": "16" }
	},

	// Set *default* container specific settings.json values on container create.
	"settings": {},
	
	// Add the IDs of extensions you want installed when the container is created.
	"extensions": [
		"dbaeumer.vscode-eslint",
		"octref.vetur"
	],
	
	// Use 'forwardPorts' to make a list of ports inside the container available locally.
	"forwardPorts": [
		8080
	],
	
	// Use 'postCreateCommand' to run commands after the container is created.
	// "postCreateCommand": "uname -a",
	
	// Comment out to connect as root instead. More info: https://aka.ms/vscode-remote/containers/non-root.
	"remoteUser": "node"
}
