{
	"name": "Azure Bicep (Community)",
	"dockerFile": "Dockerfile",
	
	// Set *default* container specific settings.json values on container create.
	"settings": {},
		
	// Add the IDs of extensions you want installed when the container is created.
	"extensions": [
		"ms-vscode.azurecli",
		"ms-dotnettools.vscode-dotnet-runtime",
		"ms-azuretools.vscode-bicep"
	],
	
	// Use 'forwardPorts' to make a list of ports inside the container available locally.
	// "forwardPorts": [],

	// Uncomment to connect as a non-root user. See https://aka.ms/vscode-remote/containers/non-root.
	"remoteUser": "vscode"
}
