{
	"name": "Azure Terraform (Community)",
	"build": {
		"dockerfile": "Dockerfile",
		"args": { 
			"TERRAFORM_VERSION": "0.14.5",
			"TFLINT_VERSION": "0.24.1",
			"TERRAGRUNT_VERSION": "0.28.1",
			"INSTALL_AZURE_CLI": "true",
			"INSTALL_DOCKER": "true",
			"NODE_VERSION": "lts/*"
		}
	},
	"mounts": [ "source=/var/run/docker.sock,target=/var/run/docker-host.sock,type=bind" ],
	"overrideCommand": false,
	"runArgs": ["--init", "--env-file",".devcontainer/devcontainer.env"],
    "remoteEnv": {
		// Sets environment variables required for terrafom remote backend
		"TF_BACKEND_RESOURCE_GROUP" : "${containerEnv:TF_BACKEND_RESOURCE_GROUP}",
		"TF_BACKEND_LOCATION": "${containerEnv:TF_BACKEND_LOCATION}",
		"TF_BACKEND_STORAGE_ACCOUNT" : "${containerEnv:TF_BACKEND_STORAGE_ACCOUNT}",                
		"TF_BACKEND_CONTAINER" : "${containerEnv:TF_BACKEND_CONTAINER}",
		"TF_BACKEND_KEY" : "${containerEnv:TF_BACKEND_KEY}"

		// Use 'TF_VAR' prefix to set input variables for terraform templates
		// "TF_VAR_rg_name":  "${containerEnv:TF_VAR_RG_NAME}"
	},
	// Set *default* container specific settings.json values on container create.
	"settings": { 
		"terraform.languageServer": {
			"enabled": true,
			"args": []
		},
		"azureTerraform.terminal": "integrated"
	},

	// Add the IDs of extensions you want installed when the container is created.
	"extensions": [
		"hashicorp.terraform",
		"ms-vscode.azurecli",
		"ms-azuretools.vscode-azureterraform",
		"ms-azuretools.vscode-docker"
	],

	// Use 'forwardPorts' to make a list of ports inside the container available locally.
	// "forwardPorts": [],

	// Use 'postCreateCommand' to run commands after the container is created.
	// "postCreateCommand": "terraform --version",

	// Comment out to connect as root instead. More info: https://aka.ms/vscode-remote/containers/non-root.
	"remoteUser": "vscode"
}
