{
	"name": "Rust and PostgreSQL",
	"dockerComposeFile": "docker-compose.yml",
	"service": "app",
	"workspaceFolder": "/workspace",
	// Set *default* container specific settings.json values on container create.
	"settings": {
		"lldb.executable": "/usr/bin/lldb",
		// VS Code don't watch files under ./target
		"files.watcherExclude": {
			"**/target/**": true
		},
		"rust-analyzer.checkOnSave.command": "clippy"
	},

	// Add the IDs of extensions you want installed when the container is created.
	"extensions": [
		"vadimcn.vscode-lldb",
		"mutantdino.resourcemonitor",
		"matklad.rust-analyzer",
		"tamasfe.even-better-toml",
		"serayuzgur.crates"
	],

	// Use 'forwardPorts' to make a list of ports inside the container available locally.
	// "forwardPorts": [5432],

	// Use 'postCreateCommand' to run commands after the container is created.
	// "postCreateCommand": "rustc --version",

	// Comment out to connect as root instead. More info: https://aka.ms/vscode-remote/containers/non-root.
	"remoteUser": "vscode"
}
