{
	"name": "Dapr with C# (Community)",
	"dockerComposeFile": "docker-compose.yml",
	"service": "app",
	"workspaceFolder": "/workspace",

	// Use this environment variable if you need to bind mount your local source code into a new container.
	"remoteEnv": {
		"LOCAL_WORKSPACE_FOLDER": "${localWorkspaceFolder}"
	},
	
	// Set *default* container specific settings.json values on container create.
	"settings": {},

	// Add the IDs of extensions you want installed when the container is created.
	"extensions": [
		"ms-azuretools.vscode-dapr",
		"ms-azuretools.vscode-docker",
		"ms-dotnettools.csharp"
	],

	// Use 'forwardPorts' to make a list of ports inside the container available locally.
	// "forwardPorts": [],

	// Ensure Dapr is running on opening the container
	"postCreateCommand": "dapr uninstall --all && dapr init",

	// Comment out to connect as root instead. More info: https://aka.ms/vscode-remote/containers/non-root.
	"remoteUser": "vscode"
}
