{
	"name": "Jupyter Data Science Notebooks (Community)",
	"build": {
		"dockerfile": "Dockerfile"
	},
	"overrideCommand": false,
	
	// Forward Jupyter port locally, mark required
	"forwardPorts": [8888],
	"portsAttributes": {
		"8888": {
			"label": "Jupyter",
			"requireLocalPort": true,
			"onAutoForward": "ignore"
		}
	},

	// Set *default* container specific settings.json values on container create.
	"settings": {
    	"python.defaultInterpreterPath": "/opt/conda/bin/python"
	},

	// Add the IDs of extensions you want installed when the container is created.
	"extensions": [
		"ms-python.python"
	],

	// Use 'postCreateCommand' to run commands after the container is created.
	// "postCreateCommand": "pip3 install --user -r requirements.txt",

	// Comment out to connect as root instead. More info: https://aka.ms/vscode-remote/containers/non-root.
	"remoteUser": "jovyan"
}
