{
	"name": "Java",
	"build": {
		"dockerfile": "Dockerfile",
		"args": {
			// Update the VARIANT arg to pick a Java version: 11, 17
			// Append -bullseye or -buster to pin to an OS version.
			// Use the -bullseye variants on local arm64/Apple Silicon.
			"VARIANT": "11-bullseye",
			// Options
			"INSTALL_MAVEN": "false",
			"INSTALL_GRADLE": "false",
			"NODE_VERSION": "lts/*"
		}
	},

	// Set *default* container specific settings.json values on container create.
	"settings": { 
		"java.home": "/docker-java-home"
	},
	
	// Add the IDs of extensions you want installed when the container is created.
	"extensions": [
		"vscjava.vscode-java-pack"
	],

	// Use 'forwardPorts' to make a list of ports inside the container available locally.
	// "forwardPorts": [],

	// Use 'postCreateCommand' to run commands after the container is created.
	// "postCreateCommand": "java -version",

	// Comment out to connect as root instead. More info: https://aka.ms/vscode-remote/containers/non-root.
	//"remoteUser": "vscode"
}
