{
	"name": "Azure CLI",
	"dockerFile": "Dockerfile",
	
	// Set *default* container specific settings.json values on container create.
	"settings": {},
	
	// Add the IDs of extensions you want installed when the container is created.
	"extensions": [
		"ms-vscode.azurecli"
	],
	
	// Use 'forwardPorts' to make a list of ports inside the container available locally.
	// "forwardPorts": [],

	// Use 'postCreateCommand' to run commands after the container is created.
	// "postCreateCommand": "az --version",

	// Uncomment when using a ptrace-based debugger like C++, Go, and Rust
	// "runArgs": [ "--cap-add=SYS_PTRACE", "--security-opt", "seccomp=unconfined" ],

	// Comment out to connect as root instead. More info: https://aka.ms/vscode-remote/containers/non-root.
	"remoteUser": "vscode"
}
