{
	"name": "Alpine",
	"build": {
		"dockerfile": "Dockerfile",
		// Update 'VARIANT' to pick an Alpine version: 3.12, 3.13, 3.14, 3.15
		"args": { "VARIANT": "3.15" }
	},
	
	// Set *default* container specific settings.json values on container create. 
	"settings": {},

	// Add the IDs of extensions you want installed when the container is created.
	// Note that some extensions may not work in Alpine Linux. See https://aka.ms/vscode-remote/linux.
	"extensions": [],

	// Use 'forwardPorts' to make a list of ports inside the container available locally.
	// "forwardPorts": [],

	// Use 'postCreateCommand' to run commands after the container is created.
	// "postCreateCommand": "uname -a",

	// Replace when using a ptrace-based debugger like C++, Go, and Rust
	// "runArgs": [ "--init", "--cap-add=SYS_PTRACE", "--security-opt", "seccomp=unconfined" ],

	// Comment out to connect as root instead. More info: https://aka.ms/vscode-remote/containers/non-root.
	"remoteUser": "vscode"
}
