{
	"name": "Azure Functions & C# - .NET Core 3.1",
	"dockerFile": "Dockerfile",
	"forwardPorts": [ 7071 ],

	// Set *default* container specific settings.json values on container create.
	"settings": {},

	// Add the IDs of extensions you want installed when the container is created.
	"extensions": [
		"ms-azuretools.vscode-azurefunctions",
		"ms-dotnettools.csharp"
	],

	// Use 'postCreateCommand' to run commands after the container is created.
	// "postCreateCommand": "dotnet restore",

	// Comment out to connect as root instead. More info: https://aka.ms/vscode-remote/containers/non-root.
	"remoteUser": "vscode"
}
