{
	"name": "Dart (Community)",
	"build": {
		"dockerfile": "Dockerfile",
		// Update VARIANT to pick a Dart version
		"args": { "VARIANT": "2" }
	},

	// Set *default* container specific settings.json values on container create.
	"settings": {},

	// Add the IDs of extensions you want installed when the container is created.
	"extensions": [
		"dart-code.dart-code"
	],

	// Use 'forwardPorts' to make a list of ports inside the container available locally.
	// "forwardPorts": [],

	// Use 'postCreateCommand' to run commands after the container is created.
	// "postCreateCommand": "uname -a",

	// Comment out to connect as root instead. More info: https://aka.ms/vscode-remote/containers/non-root.
	"remoteUser": "vscode"
}
