{
	"name": "Markdown Editing",
	"dockerFile": "Dockerfile",

	// Set *default* container specific settings.json values on container create.
	"settings": {},

	// Add the IDs of extensions you want installed when the container is created.
	"extensions": [
		"yzhang.markdown-all-in-one",
		"streetsidesoftware.code-spell-checker",
		"DavidAnson.vscode-markdownlint",
		"shd101wyy.markdown-preview-enhanced",
		"bierner.github-markdown-preview"
	],

	// Use 'forwardPorts' to make a list of ports inside the container available locally.
	// "forwardPorts": [],

	// Use 'postCreateCommand' to run commands after the container is created.
	// "postCreateCommand": "uname -a",

	// Comment out to connect as root instead. More info: https://aka.ms/vscode-remote/containers/non-root.
	"remoteUser": "vscode"
}
