{
	"name": "Perl (Community)",
	"build": {
		"dockerfile": "Dockerfile",
		// Update VARIANT to pick a Perl version
		"args": { "VARIANT": "5" }
	},
	"runArgs": [ "--cap-add=SYS_PTRACE", "--security-opt", "seccomp=unconfined" ],

	// Set *default* container specific settings.json values on container create.
	"settings": {},

	// Add the IDs of extensions you want installed when the container is created.
	"extensions": [
		"mortenhenriksen.perl-debug",
		"d9705996.perl-toolbox"
	],

	// Use 'forwardPorts' to make a list of ports inside the container available locally.
	// "forwardPorts": [],

	// Use 'postCreateCommand' to run commands after the container is created.
	// "postCreateCommand": "perl -v",
	
	// Comment out to connect as root instead. More info: https://aka.ms/vscode-remote/containers/non-root.
	"remoteUser": "vscode"
}
