{
	"name": "R (Community)",
	"build": {
		"dockerfile": "Dockerfile",
		"args": {
			// Update VARIANT to pick a R version: 4, 4.1, 4.0
			"VARIANT": "4",
			// Start with a minimal image (rocker/r-ver) or a expanded image.
			// See more details about rocker/r-ver's derived images: https://github.com/rocker-org/rocker-versioned2
			"BASE_IMAGE": "rocker/r-ver",
			// Options
			"ENABLE_JUPYTER": "false"
		}
	},

	// Set *default* container specific settings.json values on container create.
	"settings": {
		"r.rterm.linux": "/usr/local/bin/radian",
		"r.bracketedPaste": true,
		"r.plot.useHttpgd": true,
		"[r]": {
			"editor.wordSeparators": "`~!@#%$^&*()-=+[{]}\\|;:'\",<>/?"
		}
	},

	// Add the IDs of extensions you want installed when the container is created.
	// For example, if you want to use vscode-jupyter, add "ms-toolsai.jupyter".
	"extensions": [
		"ikuyadeu.r",
		"rdebugger.r-debugger"
	],

	// Use 'forwardPorts' to make a list of ports inside the container available locally.
	// "forwardPorts": [],

	// Use 'postCreateCommand' to run commands after the container is created.
	// "postCreateCommand": "R --version",

	// Comment out to connect as root instead. More info: https://aka.ms/vscode-remote/containers/non-root.
	"remoteUser": "rstudio"
}
