{
	"name": "Azure Ansible (Community)",
	"build": {
		"dockerfile": "Dockerfile",
		"args": {
			"INSTALL_AZURE_CLI": "true",
			"INSTALL_DOCKER": "true",
			"NODE_VERSION": "lts"
		}
	},
	"runArgs": ["--init"],
	"mounts": [
		// [Optional] Anisble Collections: Uncomment if you want to mount your local .ansible/collections folder.
		// "source=${localEnv:HOME}${localEnv:USERPROFILE}/.ansible/collections,target=/root/.ansible/collections,type=bind,consistency=cached",
		"source=/var/run/docker.sock,target=/var/run/docker-host.sock,type=bind"
	],
	"overrideCommand": false,

	// Set *default* container specific settings.json values on container create.
	"settings": {},

	// Add the IDs of extensions you want installed when the container is created.
	"extensions": [
		"vscoss.vscode-ansible",
		"redhat.vscode-yaml",
		"ms-vscode.azurecli",
		"ms-azuretools.vscode-docker"
	],

	// Use 'forwardPorts' to make a list of ports inside the container available locally.
	// "forwardPorts": [],

	// Use 'postCreateCommand' to run commands after the container is created.
	// "postCreateCommand": "ansible --version",

	// Comment out to connect as root instead. More info: https://aka.ms/vscode-remote/containers/non-root.
	"remoteUser": "vscode"
}
